"Player_Name","Player_State","Tot_Num_Points","Player_Pre_Rating","Avg_Pre_Chess_Rat_Opp"
" GARY HUA                        ","   ON ","6.0  ",1794,c(1605, 1469, 1564, 1574, 1501, 1519, 1372, 1468, 1523, 1554, 1468, 1506, 1498, 1515, 1484, 1386, 1499, 1480, 1426, 1411, 1470, 1300, 1214, 1357, 1363, 1507, 1222, 1522, 1314, 1144, 1260, 1379, 1277, 1375, 1150, 1388, 1385, 1539, 1430, 1391, 1248, 1150, 1107, 1327, 1152, 1358, 1392, 1356, 1286, 1296, 1356, 1495, 1345, 1206, 1406, 1414, 1363, 1391, 1319, 1330, 1327, 1186, 1350, 1263)
" DAKSHESH DARURI                 ","   MI ","6.0  ",1553,c(1605, 1469, 1564, 1574, 1501, 1519, 1372, 1468, 1523, 1554, 1468, 1506, 1498, 1515, 1484, 1386, 1499, 1480, 1426, 1411, 1470, 1300, 1214, 1357, 1363, 1507, 1222, 1522, 1314, 1144, 1260, 1379, 1277, 1375, 1150, 1388, 1385, 1539, 1430, 1391, 1248, 1150, 1107, 1327, 1152, 1358, 1392, 1356, 1286, 1296, 1356, 1495, 1345, 1206, 1406, 1414, 1363, 1391, 1319, 1330, 1327, 1186, 1350, 1263)
" ADITYA BAJAJ                    ","   MI ","6.0  ",1384,c(1605, 1469, 1564, 1574, 1501, 1519, 1372, 1468, 1523, 1554, 1468, 1506, 1498, 1515, 1484, 1386, 1499, 1480, 1426, 1411, 1470, 1300, 1214, 1357, 1363, 1507, 1222, 1522, 1314, 1144, 1260, 1379, 1277, 1375, 1150, 1388, 1385, 1539, 1430, 1391, 1248, 1150, 1107, 1327, 1152, 1358, 1392, 1356, 1286, 1296, 1356, 1495, 1345, 1206, 1406, 1414, 1363, 1391, 1319, 1330, 1327, 1186, 1350, 1263)
" PATRICK H SCHILLING             ","   MI ","5.5  ",1716,c(1605, 1469, 1564, 1574, 1501, 1519, 1372, 1468, 1523, 1554, 1468, 1506, 1498, 1515, 1484, 1386, 1499, 1480, 1426, 1411, 1470, 1300, 1214, 1357, 1363, 1507, 1222, 1522, 1314, 1144, 1260, 1379, 1277, 1375, 1150, 1388, 1385, 1539, 1430, 1391, 1248, 1150, 1107, 1327, 1152, 1358, 1392, 1356, 1286, 1296, 1356, 1495, 1345, 1206, 1406, 1414, 1363, 1391, 1319, 1330, 1327, 1186, 1350, 1263)
" HANSHI ZUO                      ","   MI ","5.5  ",1655,c(1605, 1469, 1564, 1574, 1501, 1519, 1372, 1468, 1523, 1554, 1468, 1506, 1498, 1515, 1484, 1386, 1499, 1480, 1426, 1411, 1470, 1300, 1214, 1357, 1363, 1507, 1222, 1522, 1314, 1144, 1260, 1379, 1277, 1375, 1150, 1388, 1385, 1539, 1430, 1391, 1248, 1150, 1107, 1327, 1152, 1358, 1392, 1356, 1286, 1296, 1356, 1495, 1345, 1206, 1406, 1414, 1363, 1391, 1319, 1330, 1327, 1186, 1350, 1263)
" HANSEN SONG                     ","   OH ","5.0  ",1686,c(1605, 1469, 1564, 1574, 1501, 1519, 1372, 1468, 1523, 1554, 1468, 1506, 1498, 1515, 1484, 1386, 1499, 1480, 1426, 1411, 1470, 1300, 1214, 1357, 1363, 1507, 1222, 1522, 1314, 1144, 1260, 1379, 1277, 1375, 1150, 1388, 1385, 1539, 1430, 1391, 1248, 1150, 1107, 1327, 1152, 1358, 1392, 1356, 1286, 1296, 1356, 1495, 1345, 1206, 1406, 1414, 1363, 1391, 1319, 1330, 1327, 1186, 1350, 1263)
" GARY DEE SWATHELL               ","   MI ","5.0  ",1649,c(1605, 1469, 1564, 1574, 1501, 1519, 1372, 1468, 1523, 1554, 1468, 1506, 1498, 1515, 1484, 1386, 1499, 1480, 1426, 1411, 1470, 1300, 1214, 1357, 1363, 1507, 1222, 1522, 1314, 1144, 1260, 1379, 1277, 1375, 1150, 1388, 1385, 1539, 1430, 1391, 1248, 1150, 1107, 1327, 1152, 1358, 1392, 1356, 1286, 1296, 1356, 1495, 1345, 1206, 1406, 1414, 1363, 1391, 1319, 1330, 1327, 1186, 1350, 1263)
" EZEKIEL HOUGHTON                ","   MI ","5.0  ",1641,c(1605, 1469, 1564, 1574, 1501, 1519, 1372, 1468, 1523, 1554, 1468, 1506, 1498, 1515, 1484, 1386, 1499, 1480, 1426, 1411, 1470, 1300, 1214, 1357, 1363, 1507, 1222, 1522, 1314, 1144, 1260, 1379, 1277, 1375, 1150, 1388, 1385, 1539, 1430, 1391, 1248, 1150, 1107, 1327, 1152, 1358, 1392, 1356, 1286, 1296, 1356, 1495, 1345, 1206, 1406, 1414, 1363, 1391, 1319, 1330, 1327, 1186, 1350, 1263)
" STEFANO LEE                     ","   ON ","5.0  ",1411,c(1605, 1469, 1564, 1574, 1501, 1519, 1372, 1468, 1523, 1554, 1468, 1506, 1498, 1515, 1484, 1386, 1499, 1480, 1426, 1411, 1470, 1300, 1214, 1357, 1363, 1507, 1222, 1522, 1314, 1144, 1260, 1379, 1277, 1375, 1150, 1388, 1385, 1539, 1430, 1391, 1248, 1150, 1107, 1327, 1152, 1358, 1392, 1356, 1286, 1296, 1356, 1495, 1345, 1206, 1406, 1414, 1363, 1391, 1319, 1330, 1327, 1186, 1350, 1263)
" ANVIT RAO                       ","   MI ","5.0  ",1365,c(1605, 1469, 1564, 1574, 1501, 1519, 1372, 1468, 1523, 1554, 1468, 1506, 1498, 1515, 1484, 1386, 1499, 1480, 1426, 1411, 1470, 1300, 1214, 1357, 1363, 1507, 1222, 1522, 1314, 1144, 1260, 1379, 1277, 1375, 1150, 1388, 1385, 1539, 1430, 1391, 1248, 1150, 1107, 1327, 1152, 1358, 1392, 1356, 1286, 1296, 1356, 1495, 1345, 1206, 1406, 1414, 1363, 1391, 1319, 1330, 1327, 1186, 1350, 1263)
" CAMERON WILLIAM MC LEMAN        ","   MI ","4.5  ",1712,c(1605, 1469, 1564, 1574, 1501, 1519, 1372, 1468, 1523, 1554, 1468, 1506, 1498, 1515, 1484, 1386, 1499, 1480, 1426, 1411, 1470, 1300, 1214, 1357, 1363, 1507, 1222, 1522, 1314, 1144, 1260, 1379, 1277, 1375, 1150, 1388, 1385, 1539, 1430, 1391, 1248, 1150, 1107, 1327, 1152, 1358, 1392, 1356, 1286, 1296, 1356, 1495, 1345, 1206, 1406, 1414, 1363, 1391, 1319, 1330, 1327, 1186, 1350, 1263)
" KENNETH J TACK                  ","   MI ","4.5  ",1663,c(1605, 1469, 1564, 1574, 1501, 1519, 1372, 1468, 1523, 1554, 1468, 1506, 1498, 1515, 1484, 1386, 1499, 1480, 1426, 1411, 1470, 1300, 1214, 1357, 1363, 1507, 1222, 1522, 1314, 1144, 1260, 1379, 1277, 1375, 1150, 1388, 1385, 1539, 1430, 1391, 1248, 1150, 1107, 1327, 1152, 1358, 1392, 1356, 1286, 1296, 1356, 1495, 1345, 1206, 1406, 1414, 1363, 1391, 1319, 1330, 1327, 1186, 1350, 1263)
" TORRANCE HENRY JR               ","   MI ","4.5  ",1666,c(1605, 1469, 1564, 1574, 1501, 1519, 1372, 1468, 1523, 1554, 1468, 1506, 1498, 1515, 1484, 1386, 1499, 1480, 1426, 1411, 1470, 1300, 1214, 1357, 1363, 1507, 1222, 1522, 1314, 1144, 1260, 1379, 1277, 1375, 1150, 1388, 1385, 1539, 1430, 1391, 1248, 1150, 1107, 1327, 1152, 1358, 1392, 1356, 1286, 1296, 1356, 1495, 1345, 1206, 1406, 1414, 1363, 1391, 1319, 1330, 1327, 1186, 1350, 1263)
" BRADLEY SHAW                    ","   MI ","4.5  ",1610,c(1605, 1469, 1564, 1574, 1501, 1519, 1372, 1468, 1523, 1554, 1468, 1506, 1498, 1515, 1484, 1386, 1499, 1480, 1426, 1411, 1470, 1300, 1214, 1357, 1363, 1507, 1222, 1522, 1314, 1144, 1260, 1379, 1277, 1375, 1150, 1388, 1385, 1539, 1430, 1391, 1248, 1150, 1107, 1327, 1152, 1358, 1392, 1356, 1286, 1296, 1356, 1495, 1345, 1206, 1406, 1414, 1363, 1391, 1319, 1330, 1327, 1186, 1350, 1263)
" ZACHARY JAMES HOUGHTON          ","   MI ","4.5  ",1220,c(1605, 1469, 1564, 1574, 1501, 1519, 1372, 1468, 1523, 1554, 1468, 1506, 1498, 1515, 1484, 1386, 1499, 1480, 1426, 1411, 1470, 1300, 1214, 1357, 1363, 1507, 1222, 1522, 1314, 1144, 1260, 1379, 1277, 1375, 1150, 1388, 1385, 1539, 1430, 1391, 1248, 1150, 1107, 1327, 1152, 1358, 1392, 1356, 1286, 1296, 1356, 1495, 1345, 1206, 1406, 1414, 1363, 1391, 1319, 1330, 1327, 1186, 1350, 1263)
" MIKE NIKITIN                    ","   MI ","4.0  ",1604,c(1605, 1469, 1564, 1574, 1501, 1519, 1372, 1468, 1523, 1554, 1468, 1506, 1498, 1515, 1484, 1386, 1499, 1480, 1426, 1411, 1470, 1300, 1214, 1357, 1363, 1507, 1222, 1522, 1314, 1144, 1260, 1379, 1277, 1375, 1150, 1388, 1385, 1539, 1430, 1391, 1248, 1150, 1107, 1327, 1152, 1358, 1392, 1356, 1286, 1296, 1356, 1495, 1345, 1206, 1406, 1414, 1363, 1391, 1319, 1330, 1327, 1186, 1350, 1263)
" RONALD GRZEGORCZYK              ","   MI ","4.0  ",1629,c(1605, 1469, 1564, 1574, 1501, 1519, 1372, 1468, 1523, 1554, 1468, 1506, 1498, 1515, 1484, 1386, 1499, 1480, 1426, 1411, 1470, 1300, 1214, 1357, 1363, 1507, 1222, 1522, 1314, 1144, 1260, 1379, 1277, 1375, 1150, 1388, 1385, 1539, 1430, 1391, 1248, 1150, 1107, 1327, 1152, 1358, 1392, 1356, 1286, 1296, 1356, 1495, 1345, 1206, 1406, 1414, 1363, 1391, 1319, 1330, 1327, 1186, 1350, 1263)
" DAVID SUNDEEN                   ","   MI ","4.0  ",1600,c(1605, 1469, 1564, 1574, 1501, 1519, 1372, 1468, 1523, 1554, 1468, 1506, 1498, 1515, 1484, 1386, 1499, 1480, 1426, 1411, 1470, 1300, 1214, 1357, 1363, 1507, 1222, 1522, 1314, 1144, 1260, 1379, 1277, 1375, 1150, 1388, 1385, 1539, 1430, 1391, 1248, 1150, 1107, 1327, 1152, 1358, 1392, 1356, 1286, 1296, 1356, 1495, 1345, 1206, 1406, 1414, 1363, 1391, 1319, 1330, 1327, 1186, 1350, 1263)
" DIPANKAR ROY                    ","   MI ","4.0  ",1564,c(1605, 1469, 1564, 1574, 1501, 1519, 1372, 1468, 1523, 1554, 1468, 1506, 1498, 1515, 1484, 1386, 1499, 1480, 1426, 1411, 1470, 1300, 1214, 1357, 1363, 1507, 1222, 1522, 1314, 1144, 1260, 1379, 1277, 1375, 1150, 1388, 1385, 1539, 1430, 1391, 1248, 1150, 1107, 1327, 1152, 1358, 1392, 1356, 1286, 1296, 1356, 1495, 1345, 1206, 1406, 1414, 1363, 1391, 1319, 1330, 1327, 1186, 1350, 1263)
" JASON ZHENG                     ","   MI ","4.0  ",1595,c(1605, 1469, 1564, 1574, 1501, 1519, 1372, 1468, 1523, 1554, 1468, 1506, 1498, 1515, 1484, 1386, 1499, 1480, 1426, 1411, 1470, 1300, 1214, 1357, 1363, 1507, 1222, 1522, 1314, 1144, 1260, 1379, 1277, 1375, 1150, 1388, 1385, 1539, 1430, 1391, 1248, 1150, 1107, 1327, 1152, 1358, 1392, 1356, 1286, 1296, 1356, 1495, 1345, 1206, 1406, 1414, 1363, 1391, 1319, 1330, 1327, 1186, 1350, 1263)
" DINH DANG BUI                   ","   ON ","4.0  ",1563,c(1605, 1469, 1564, 1574, 1501, 1519, 1372, 1468, 1523, 1554, 1468, 1506, 1498, 1515, 1484, 1386, 1499, 1480, 1426, 1411, 1470, 1300, 1214, 1357, 1363, 1507, 1222, 1522, 1314, 1144, 1260, 1379, 1277, 1375, 1150, 1388, 1385, 1539, 1430, 1391, 1248, 1150, 1107, 1327, 1152, 1358, 1392, 1356, 1286, 1296, 1356, 1495, 1345, 1206, 1406, 1414, 1363, 1391, 1319, 1330, 1327, 1186, 1350, 1263)
" EUGENE L MCCLURE                ","   MI ","4.0  ",1555,c(1605, 1469, 1564, 1574, 1501, 1519, 1372, 1468, 1523, 1554, 1468, 1506, 1498, 1515, 1484, 1386, 1499, 1480, 1426, 1411, 1470, 1300, 1214, 1357, 1363, 1507, 1222, 1522, 1314, 1144, 1260, 1379, 1277, 1375, 1150, 1388, 1385, 1539, 1430, 1391, 1248, 1150, 1107, 1327, 1152, 1358, 1392, 1356, 1286, 1296, 1356, 1495, 1345, 1206, 1406, 1414, 1363, 1391, 1319, 1330, 1327, 1186, 1350, 1263)
" ALAN BUI                        ","   ON ","4.0  ",1363,c(1605, 1469, 1564, 1574, 1501, 1519, 1372, 1468, 1523, 1554, 1468, 1506, 1498, 1515, 1484, 1386, 1499, 1480, 1426, 1411, 1470, 1300, 1214, 1357, 1363, 1507, 1222, 1522, 1314, 1144, 1260, 1379, 1277, 1375, 1150, 1388, 1385, 1539, 1430, 1391, 1248, 1150, 1107, 1327, 1152, 1358, 1392, 1356, 1286, 1296, 1356, 1495, 1345, 1206, 1406, 1414, 1363, 1391, 1319, 1330, 1327, 1186, 1350, 1263)
" MICHAEL R ALDRICH               ","   MI ","4.0  ",1229,c(1605, 1469, 1564, 1574, 1501, 1519, 1372, 1468, 1523, 1554, 1468, 1506, 1498, 1515, 1484, 1386, 1499, 1480, 1426, 1411, 1470, 1300, 1214, 1357, 1363, 1507, 1222, 1522, 1314, 1144, 1260, 1379, 1277, 1375, 1150, 1388, 1385, 1539, 1430, 1391, 1248, 1150, 1107, 1327, 1152, 1358, 1392, 1356, 1286, 1296, 1356, 1495, 1345, 1206, 1406, 1414, 1363, 1391, 1319, 1330, 1327, 1186, 1350, 1263)
" LOREN SCHWIEBERT                ","   MI ","3.5  ",1745,c(1605, 1469, 1564, 1574, 1501, 1519, 1372, 1468, 1523, 1554, 1468, 1506, 1498, 1515, 1484, 1386, 1499, 1480, 1426, 1411, 1470, 1300, 1214, 1357, 1363, 1507, 1222, 1522, 1314, 1144, 1260, 1379, 1277, 1375, 1150, 1388, 1385, 1539, 1430, 1391, 1248, 1150, 1107, 1327, 1152, 1358, 1392, 1356, 1286, 1296, 1356, 1495, 1345, 1206, 1406, 1414, 1363, 1391, 1319, 1330, 1327, 1186, 1350, 1263)
" MAX ZHU                         ","   ON ","3.5  ",1579,c(1605, 1469, 1564, 1574, 1501, 1519, 1372, 1468, 1523, 1554, 1468, 1506, 1498, 1515, 1484, 1386, 1499, 1480, 1426, 1411, 1470, 1300, 1214, 1357, 1363, 1507, 1222, 1522, 1314, 1144, 1260, 1379, 1277, 1375, 1150, 1388, 1385, 1539, 1430, 1391, 1248, 1150, 1107, 1327, 1152, 1358, 1392, 1356, 1286, 1296, 1356, 1495, 1345, 1206, 1406, 1414, 1363, 1391, 1319, 1330, 1327, 1186, 1350, 1263)
" GAURAV GIDWANI                  ","   MI ","3.5  ",1552,c(1605, 1469, 1564, 1574, 1501, 1519, 1372, 1468, 1523, 1554, 1468, 1506, 1498, 1515, 1484, 1386, 1499, 1480, 1426, 1411, 1470, 1300, 1214, 1357, 1363, 1507, 1222, 1522, 1314, 1144, 1260, 1379, 1277, 1375, 1150, 1388, 1385, 1539, 1430, 1391, 1248, 1150, 1107, 1327, 1152, 1358, 1392, 1356, 1286, 1296, 1356, 1495, 1345, 1206, 1406, 1414, 1363, 1391, 1319, 1330, 1327, 1186, 1350, 1263)
" SOFIA ADINA STANESCU-BELLU      ","   MI ","3.5  ",1507,c(1605, 1469, 1564, 1574, 1501, 1519, 1372, 1468, 1523, 1554, 1468, 1506, 1498, 1515, 1484, 1386, 1499, 1480, 1426, 1411, 1470, 1300, 1214, 1357, 1363, 1507, 1222, 1522, 1314, 1144, 1260, 1379, 1277, 1375, 1150, 1388, 1385, 1539, 1430, 1391, 1248, 1150, 1107, 1327, 1152, 1358, 1392, 1356, 1286, 1296, 1356, 1495, 1345, 1206, 1406, 1414, 1363, 1391, 1319, 1330, 1327, 1186, 1350, 1263)
" CHIEDOZIE OKORIE                ","   MI ","3.5  ",1602,c(1605, 1469, 1564, 1574, 1501, 1519, 1372, 1468, 1523, 1554, 1468, 1506, 1498, 1515, 1484, 1386, 1499, 1480, 1426, 1411, 1470, 1300, 1214, 1357, 1363, 1507, 1222, 1522, 1314, 1144, 1260, 1379, 1277, 1375, 1150, 1388, 1385, 1539, 1430, 1391, 1248, 1150, 1107, 1327, 1152, 1358, 1392, 1356, 1286, 1296, 1356, 1495, 1345, 1206, 1406, 1414, 1363, 1391, 1319, 1330, 1327, 1186, 1350, 1263)
" GEORGE AVERY JONES              ","   ON ","3.5  ",1522,c(1605, 1469, 1564, 1574, 1501, 1519, 1372, 1468, 1523, 1554, 1468, 1506, 1498, 1515, 1484, 1386, 1499, 1480, 1426, 1411, 1470, 1300, 1214, 1357, 1363, 1507, 1222, 1522, 1314, 1144, 1260, 1379, 1277, 1375, 1150, 1388, 1385, 1539, 1430, 1391, 1248, 1150, 1107, 1327, 1152, 1358, 1392, 1356, 1286, 1296, 1356, 1495, 1345, 1206, 1406, 1414, 1363, 1391, 1319, 1330, 1327, 1186, 1350, 1263)
" RISHI SHETTY                    ","   MI ","3.5  ",1494,c(1605, 1469, 1564, 1574, 1501, 1519, 1372, 1468, 1523, 1554, 1468, 1506, 1498, 1515, 1484, 1386, 1499, 1480, 1426, 1411, 1470, 1300, 1214, 1357, 1363, 1507, 1222, 1522, 1314, 1144, 1260, 1379, 1277, 1375, 1150, 1388, 1385, 1539, 1430, 1391, 1248, 1150, 1107, 1327, 1152, 1358, 1392, 1356, 1286, 1296, 1356, 1495, 1345, 1206, 1406, 1414, 1363, 1391, 1319, 1330, 1327, 1186, 1350, 1263)
" JOSHUA PHILIP MATHEWS           ","   ON ","3.5  ",1441,c(1605, 1469, 1564, 1574, 1501, 1519, 1372, 1468, 1523, 1554, 1468, 1506, 1498, 1515, 1484, 1386, 1499, 1480, 1426, 1411, 1470, 1300, 1214, 1357, 1363, 1507, 1222, 1522, 1314, 1144, 1260, 1379, 1277, 1375, 1150, 1388, 1385, 1539, 1430, 1391, 1248, 1150, 1107, 1327, 1152, 1358, 1392, 1356, 1286, 1296, 1356, 1495, 1345, 1206, 1406, 1414, 1363, 1391, 1319, 1330, 1327, 1186, 1350, 1263)
" JADE GE                         ","   MI ","3.5  ",1449,c(1605, 1469, 1564, 1574, 1501, 1519, 1372, 1468, 1523, 1554, 1468, 1506, 1498, 1515, 1484, 1386, 1499, 1480, 1426, 1411, 1470, 1300, 1214, 1357, 1363, 1507, 1222, 1522, 1314, 1144, 1260, 1379, 1277, 1375, 1150, 1388, 1385, 1539, 1430, 1391, 1248, 1150, 1107, 1327, 1152, 1358, 1392, 1356, 1286, 1296, 1356, 1495, 1345, 1206, 1406, 1414, 1363, 1391, 1319, 1330, 1327, 1186, 1350, 1263)
" MICHAEL JEFFERY THOMAS          ","   MI ","3.5  ",1399,c(1605, 1469, 1564, 1574, 1501, 1519, 1372, 1468, 1523, 1554, 1468, 1506, 1498, 1515, 1484, 1386, 1499, 1480, 1426, 1411, 1470, 1300, 1214, 1357, 1363, 1507, 1222, 1522, 1314, 1144, 1260, 1379, 1277, 1375, 1150, 1388, 1385, 1539, 1430, 1391, 1248, 1150, 1107, 1327, 1152, 1358, 1392, 1356, 1286, 1296, 1356, 1495, 1345, 1206, 1406, 1414, 1363, 1391, 1319, 1330, 1327, 1186, 1350, 1263)
" JOSHUA DAVID LEE                ","   MI ","3.5  ",1438,c(1605, 1469, 1564, 1574, 1501, 1519, 1372, 1468, 1523, 1554, 1468, 1506, 1498, 1515, 1484, 1386, 1499, 1480, 1426, 1411, 1470, 1300, 1214, 1357, 1363, 1507, 1222, 1522, 1314, 1144, 1260, 1379, 1277, 1375, 1150, 1388, 1385, 1539, 1430, 1391, 1248, 1150, 1107, 1327, 1152, 1358, 1392, 1356, 1286, 1296, 1356, 1495, 1345, 1206, 1406, 1414, 1363, 1391, 1319, 1330, 1327, 1186, 1350, 1263)
" SIDDHARTH JHA                   ","   MI ","3.5  ",1355,c(1605, 1469, 1564, 1574, 1501, 1519, 1372, 1468, 1523, 1554, 1468, 1506, 1498, 1515, 1484, 1386, 1499, 1480, 1426, 1411, 1470, 1300, 1214, 1357, 1363, 1507, 1222, 1522, 1314, 1144, 1260, 1379, 1277, 1375, 1150, 1388, 1385, 1539, 1430, 1391, 1248, 1150, 1107, 1327, 1152, 1358, 1392, 1356, 1286, 1296, 1356, 1495, 1345, 1206, 1406, 1414, 1363, 1391, 1319, 1330, 1327, 1186, 1350, 1263)
" AMIYATOSH PWNANANDAM            ","   MI ","3.5  ",980,c(1605, 1469, 1564, 1574, 1501, 1519, 1372, 1468, 1523, 1554, 1468, 1506, 1498, 1515, 1484, 1386, 1499, 1480, 1426, 1411, 1470, 1300, 1214, 1357, 1363, 1507, 1222, 1522, 1314, 1144, 1260, 1379, 1277, 1375, 1150, 1388, 1385, 1539, 1430, 1391, 1248, 1150, 1107, 1327, 1152, 1358, 1392, 1356, 1286, 1296, 1356, 1495, 1345, 1206, 1406, 1414, 1363, 1391, 1319, 1330, 1327, 1186, 1350, 1263)
" BRIAN LIU                       ","   MI ","3.0  ",1423,c(1605, 1469, 1564, 1574, 1501, 1519, 1372, 1468, 1523, 1554, 1468, 1506, 1498, 1515, 1484, 1386, 1499, 1480, 1426, 1411, 1470, 1300, 1214, 1357, 1363, 1507, 1222, 1522, 1314, 1144, 1260, 1379, 1277, 1375, 1150, 1388, 1385, 1539, 1430, 1391, 1248, 1150, 1107, 1327, 1152, 1358, 1392, 1356, 1286, 1296, 1356, 1495, 1345, 1206, 1406, 1414, 1363, 1391, 1319, 1330, 1327, 1186, 1350, 1263)
" JOEL R HENDON                   ","   MI ","3.0  ",1436,c(1605, 1469, 1564, 1574, 1501, 1519, 1372, 1468, 1523, 1554, 1468, 1506, 1498, 1515, 1484, 1386, 1499, 1480, 1426, 1411, 1470, 1300, 1214, 1357, 1363, 1507, 1222, 1522, 1314, 1144, 1260, 1379, 1277, 1375, 1150, 1388, 1385, 1539, 1430, 1391, 1248, 1150, 1107, 1327, 1152, 1358, 1392, 1356, 1286, 1296, 1356, 1495, 1345, 1206, 1406, 1414, 1363, 1391, 1319, 1330, 1327, 1186, 1350, 1263)
" FOREST ZHANG                    ","   MI ","3.0  ",1348,c(1605, 1469, 1564, 1574, 1501, 1519, 1372, 1468, 1523, 1554, 1468, 1506, 1498, 1515, 1484, 1386, 1499, 1480, 1426, 1411, 1470, 1300, 1214, 1357, 1363, 1507, 1222, 1522, 1314, 1144, 1260, 1379, 1277, 1375, 1150, 1388, 1385, 1539, 1430, 1391, 1248, 1150, 1107, 1327, 1152, 1358, 1392, 1356, 1286, 1296, 1356, 1495, 1345, 1206, 1406, 1414, 1363, 1391, 1319, 1330, 1327, 1186, 1350, 1263)
" KYLE WILLIAM MURPHY             ","   MI ","3.0  ",1403,c(1605, 1469, 1564, 1574, 1501, 1519, 1372, 1468, 1523, 1554, 1468, 1506, 1498, 1515, 1484, 1386, 1499, 1480, 1426, 1411, 1470, 1300, 1214, 1357, 1363, 1507, 1222, 1522, 1314, 1144, 1260, 1379, 1277, 1375, 1150, 1388, 1385, 1539, 1430, 1391, 1248, 1150, 1107, 1327, 1152, 1358, 1392, 1356, 1286, 1296, 1356, 1495, 1345, 1206, 1406, 1414, 1363, 1391, 1319, 1330, 1327, 1186, 1350, 1263)
" JARED GE                        ","   MI ","3.0  ",1332,c(1605, 1469, 1564, 1574, 1501, 1519, 1372, 1468, 1523, 1554, 1468, 1506, 1498, 1515, 1484, 1386, 1499, 1480, 1426, 1411, 1470, 1300, 1214, 1357, 1363, 1507, 1222, 1522, 1314, 1144, 1260, 1379, 1277, 1375, 1150, 1388, 1385, 1539, 1430, 1391, 1248, 1150, 1107, 1327, 1152, 1358, 1392, 1356, 1286, 1296, 1356, 1495, 1345, 1206, 1406, 1414, 1363, 1391, 1319, 1330, 1327, 1186, 1350, 1263)
" ROBERT GLEN VASEY               ","   MI ","3.0  ",1283,c(1605, 1469, 1564, 1574, 1501, 1519, 1372, 1468, 1523, 1554, 1468, 1506, 1498, 1515, 1484, 1386, 1499, 1480, 1426, 1411, 1470, 1300, 1214, 1357, 1363, 1507, 1222, 1522, 1314, 1144, 1260, 1379, 1277, 1375, 1150, 1388, 1385, 1539, 1430, 1391, 1248, 1150, 1107, 1327, 1152, 1358, 1392, 1356, 1286, 1296, 1356, 1495, 1345, 1206, 1406, 1414, 1363, 1391, 1319, 1330, 1327, 1186, 1350, 1263)
" JUSTIN D SCHILLING              ","   MI ","3.0  ",1199,c(1605, 1469, 1564, 1574, 1501, 1519, 1372, 1468, 1523, 1554, 1468, 1506, 1498, 1515, 1484, 1386, 1499, 1480, 1426, 1411, 1470, 1300, 1214, 1357, 1363, 1507, 1222, 1522, 1314, 1144, 1260, 1379, 1277, 1375, 1150, 1388, 1385, 1539, 1430, 1391, 1248, 1150, 1107, 1327, 1152, 1358, 1392, 1356, 1286, 1296, 1356, 1495, 1345, 1206, 1406, 1414, 1363, 1391, 1319, 1330, 1327, 1186, 1350, 1263)
" DEREK YAN                       ","   MI ","3.0  ",1242,c(1605, 1469, 1564, 1574, 1501, 1519, 1372, 1468, 1523, 1554, 1468, 1506, 1498, 1515, 1484, 1386, 1499, 1480, 1426, 1411, 1470, 1300, 1214, 1357, 1363, 1507, 1222, 1522, 1314, 1144, 1260, 1379, 1277, 1375, 1150, 1388, 1385, 1539, 1430, 1391, 1248, 1150, 1107, 1327, 1152, 1358, 1392, 1356, 1286, 1296, 1356, 1495, 1345, 1206, 1406, 1414, 1363, 1391, 1319, 1330, 1327, 1186, 1350, 1263)
" JACOB ALEXANDER LAVALLEY        ","   MI ","3.0  ",377,c(1605, 1469, 1564, 1574, 1501, 1519, 1372, 1468, 1523, 1554, 1468, 1506, 1498, 1515, 1484, 1386, 1499, 1480, 1426, 1411, 1470, 1300, 1214, 1357, 1363, 1507, 1222, 1522, 1314, 1144, 1260, 1379, 1277, 1375, 1150, 1388, 1385, 1539, 1430, 1391, 1248, 1150, 1107, 1327, 1152, 1358, 1392, 1356, 1286, 1296, 1356, 1495, 1345, 1206, 1406, 1414, 1363, 1391, 1319, 1330, 1327, 1186, 1350, 1263)
" ERIC WRIGHT                     ","   MI ","2.5  ",1362,c(1605, 1469, 1564, 1574, 1501, 1519, 1372, 1468, 1523, 1554, 1468, 1506, 1498, 1515, 1484, 1386, 1499, 1480, 1426, 1411, 1470, 1300, 1214, 1357, 1363, 1507, 1222, 1522, 1314, 1144, 1260, 1379, 1277, 1375, 1150, 1388, 1385, 1539, 1430, 1391, 1248, 1150, 1107, 1327, 1152, 1358, 1392, 1356, 1286, 1296, 1356, 1495, 1345, 1206, 1406, 1414, 1363, 1391, 1319, 1330, 1327, 1186, 1350, 1263)
" DANIEL KHAIN                    ","   MI ","2.5  ",1382,c(1605, 1469, 1564, 1574, 1501, 1519, 1372, 1468, 1523, 1554, 1468, 1506, 1498, 1515, 1484, 1386, 1499, 1480, 1426, 1411, 1470, 1300, 1214, 1357, 1363, 1507, 1222, 1522, 1314, 1144, 1260, 1379, 1277, 1375, 1150, 1388, 1385, 1539, 1430, 1391, 1248, 1150, 1107, 1327, 1152, 1358, 1392, 1356, 1286, 1296, 1356, 1495, 1345, 1206, 1406, 1414, 1363, 1391, 1319, 1330, 1327, 1186, 1350, 1263)
" MICHAEL J MARTIN                ","   MI ","2.5  ",1291,c(1605, 1469, 1564, 1574, 1501, 1519, 1372, 1468, 1523, 1554, 1468, 1506, 1498, 1515, 1484, 1386, 1499, 1480, 1426, 1411, 1470, 1300, 1214, 1357, 1363, 1507, 1222, 1522, 1314, 1144, 1260, 1379, 1277, 1375, 1150, 1388, 1385, 1539, 1430, 1391, 1248, 1150, 1107, 1327, 1152, 1358, 1392, 1356, 1286, 1296, 1356, 1495, 1345, 1206, 1406, 1414, 1363, 1391, 1319, 1330, 1327, 1186, 1350, 1263)
" SHIVAM JHA                      ","   MI ","2.5  ",1056,c(1605, 1469, 1564, 1574, 1501, 1519, 1372, 1468, 1523, 1554, 1468, 1506, 1498, 1515, 1484, 1386, 1499, 1480, 1426, 1411, 1470, 1300, 1214, 1357, 1363, 1507, 1222, 1522, 1314, 1144, 1260, 1379, 1277, 1375, 1150, 1388, 1385, 1539, 1430, 1391, 1248, 1150, 1107, 1327, 1152, 1358, 1392, 1356, 1286, 1296, 1356, 1495, 1345, 1206, 1406, 1414, 1363, 1391, 1319, 1330, 1327, 1186, 1350, 1263)
" TEJAS AYYAGARI                  ","   MI ","2.5  ",1011,c(1605, 1469, 1564, 1574, 1501, 1519, 1372, 1468, 1523, 1554, 1468, 1506, 1498, 1515, 1484, 1386, 1499, 1480, 1426, 1411, 1470, 1300, 1214, 1357, 1363, 1507, 1222, 1522, 1314, 1144, 1260, 1379, 1277, 1375, 1150, 1388, 1385, 1539, 1430, 1391, 1248, 1150, 1107, 1327, 1152, 1358, 1392, 1356, 1286, 1296, 1356, 1495, 1345, 1206, 1406, 1414, 1363, 1391, 1319, 1330, 1327, 1186, 1350, 1263)
" ETHAN GUO                       ","   MI ","2.5  ",935,c(1605, 1469, 1564, 1574, 1501, 1519, 1372, 1468, 1523, 1554, 1468, 1506, 1498, 1515, 1484, 1386, 1499, 1480, 1426, 1411, 1470, 1300, 1214, 1357, 1363, 1507, 1222, 1522, 1314, 1144, 1260, 1379, 1277, 1375, 1150, 1388, 1385, 1539, 1430, 1391, 1248, 1150, 1107, 1327, 1152, 1358, 1392, 1356, 1286, 1296, 1356, 1495, 1345, 1206, 1406, 1414, 1363, 1391, 1319, 1330, 1327, 1186, 1350, 1263)
" JOSE C YBARRA                   ","   MI ","2.0  ",1393,c(1605, 1469, 1564, 1574, 1501, 1519, 1372, 1468, 1523, 1554, 1468, 1506, 1498, 1515, 1484, 1386, 1499, 1480, 1426, 1411, 1470, 1300, 1214, 1357, 1363, 1507, 1222, 1522, 1314, 1144, 1260, 1379, 1277, 1375, 1150, 1388, 1385, 1539, 1430, 1391, 1248, 1150, 1107, 1327, 1152, 1358, 1392, 1356, 1286, 1296, 1356, 1495, 1345, 1206, 1406, 1414, 1363, 1391, 1319, 1330, 1327, 1186, 1350, 1263)
" LARRY HODGE                     ","   MI ","2.0  ",1270,c(1605, 1469, 1564, 1574, 1501, 1519, 1372, 1468, 1523, 1554, 1468, 1506, 1498, 1515, 1484, 1386, 1499, 1480, 1426, 1411, 1470, 1300, 1214, 1357, 1363, 1507, 1222, 1522, 1314, 1144, 1260, 1379, 1277, 1375, 1150, 1388, 1385, 1539, 1430, 1391, 1248, 1150, 1107, 1327, 1152, 1358, 1392, 1356, 1286, 1296, 1356, 1495, 1345, 1206, 1406, 1414, 1363, 1391, 1319, 1330, 1327, 1186, 1350, 1263)
" ALEX KONG                       ","   MI ","2.0  ",1186,c(1605, 1469, 1564, 1574, 1501, 1519, 1372, 1468, 1523, 1554, 1468, 1506, 1498, 1515, 1484, 1386, 1499, 1480, 1426, 1411, 1470, 1300, 1214, 1357, 1363, 1507, 1222, 1522, 1314, 1144, 1260, 1379, 1277, 1375, 1150, 1388, 1385, 1539, 1430, 1391, 1248, 1150, 1107, 1327, 1152, 1358, 1392, 1356, 1286, 1296, 1356, 1495, 1345, 1206, 1406, 1414, 1363, 1391, 1319, 1330, 1327, 1186, 1350, 1263)
" MARISA RICCI                    ","   MI ","2.0  ",1153,c(1605, 1469, 1564, 1574, 1501, 1519, 1372, 1468, 1523, 1554, 1468, 1506, 1498, 1515, 1484, 1386, 1499, 1480, 1426, 1411, 1470, 1300, 1214, 1357, 1363, 1507, 1222, 1522, 1314, 1144, 1260, 1379, 1277, 1375, 1150, 1388, 1385, 1539, 1430, 1391, 1248, 1150, 1107, 1327, 1152, 1358, 1392, 1356, 1286, 1296, 1356, 1495, 1345, 1206, 1406, 1414, 1363, 1391, 1319, 1330, 1327, 1186, 1350, 1263)
" MICHAEL LU                      ","   MI ","2.0  ",1092,c(1605, 1469, 1564, 1574, 1501, 1519, 1372, 1468, 1523, 1554, 1468, 1506, 1498, 1515, 1484, 1386, 1499, 1480, 1426, 1411, 1470, 1300, 1214, 1357, 1363, 1507, 1222, 1522, 1314, 1144, 1260, 1379, 1277, 1375, 1150, 1388, 1385, 1539, 1430, 1391, 1248, 1150, 1107, 1327, 1152, 1358, 1392, 1356, 1286, 1296, 1356, 1495, 1345, 1206, 1406, 1414, 1363, 1391, 1319, 1330, 1327, 1186, 1350, 1263)
" VIRAJ MOHILE                    ","   MI ","2.0  ",917,c(1605, 1469, 1564, 1574, 1501, 1519, 1372, 1468, 1523, 1554, 1468, 1506, 1498, 1515, 1484, 1386, 1499, 1480, 1426, 1411, 1470, 1300, 1214, 1357, 1363, 1507, 1222, 1522, 1314, 1144, 1260, 1379, 1277, 1375, 1150, 1388, 1385, 1539, 1430, 1391, 1248, 1150, 1107, 1327, 1152, 1358, 1392, 1356, 1286, 1296, 1356, 1495, 1345, 1206, 1406, 1414, 1363, 1391, 1319, 1330, 1327, 1186, 1350, 1263)
" SEAN M MC CORMICK               ","   MI ","2.0  ",853,c(1605, 1469, 1564, 1574, 1501, 1519, 1372, 1468, 1523, 1554, 1468, 1506, 1498, 1515, 1484, 1386, 1499, 1480, 1426, 1411, 1470, 1300, 1214, 1357, 1363, 1507, 1222, 1522, 1314, 1144, 1260, 1379, 1277, 1375, 1150, 1388, 1385, 1539, 1430, 1391, 1248, 1150, 1107, 1327, 1152, 1358, 1392, 1356, 1286, 1296, 1356, 1495, 1345, 1206, 1406, 1414, 1363, 1391, 1319, 1330, 1327, 1186, 1350, 1263)
" JULIA SHEN                      ","   MI ","1.5  ",967,c(1605, 1469, 1564, 1574, 1501, 1519, 1372, 1468, 1523, 1554, 1468, 1506, 1498, 1515, 1484, 1386, 1499, 1480, 1426, 1411, 1470, 1300, 1214, 1357, 1363, 1507, 1222, 1522, 1314, 1144, 1260, 1379, 1277, 1375, 1150, 1388, 1385, 1539, 1430, 1391, 1248, 1150, 1107, 1327, 1152, 1358, 1392, 1356, 1286, 1296, 1356, 1495, 1345, 1206, 1406, 1414, 1363, 1391, 1319, 1330, 1327, 1186, 1350, 1263)
" JEZZEL FARKAS                   ","   ON ","1.5  ",955,c(1605, 1469, 1564, 1574, 1501, 1519, 1372, 1468, 1523, 1554, 1468, 1506, 1498, 1515, 1484, 1386, 1499, 1480, 1426, 1411, 1470, 1300, 1214, 1357, 1363, 1507, 1222, 1522, 1314, 1144, 1260, 1379, 1277, 1375, 1150, 1388, 1385, 1539, 1430, 1391, 1248, 1150, 1107, 1327, 1152, 1358, 1392, 1356, 1286, 1296, 1356, 1495, 1345, 1206, 1406, 1414, 1363, 1391, 1319, 1330, 1327, 1186, 1350, 1263)
" ASHWIN BALAJI                   ","   MI ","1.0  ",1530,c(1605, 1469, 1564, 1574, 1501, 1519, 1372, 1468, 1523, 1554, 1468, 1506, 1498, 1515, 1484, 1386, 1499, 1480, 1426, 1411, 1470, 1300, 1214, 1357, 1363, 1507, 1222, 1522, 1314, 1144, 1260, 1379, 1277, 1375, 1150, 1388, 1385, 1539, 1430, 1391, 1248, 1150, 1107, 1327, 1152, 1358, 1392, 1356, 1286, 1296, 1356, 1495, 1345, 1206, 1406, 1414, 1363, 1391, 1319, 1330, 1327, 1186, 1350, 1263)
" THOMAS JOSEPH HOSMER            ","   MI ","1.0  ",1175,c(1605, 1469, 1564, 1574, 1501, 1519, 1372, 1468, 1523, 1554, 1468, 1506, 1498, 1515, 1484, 1386, 1499, 1480, 1426, 1411, 1470, 1300, 1214, 1357, 1363, 1507, 1222, 1522, 1314, 1144, 1260, 1379, 1277, 1375, 1150, 1388, 1385, 1539, 1430, 1391, 1248, 1150, 1107, 1327, 1152, 1358, 1392, 1356, 1286, 1296, 1356, 1495, 1345, 1206, 1406, 1414, 1363, 1391, 1319, 1330, 1327, 1186, 1350, 1263)
" BEN LI                          ","   MI ","1.0  ",1163,c(1605, 1469, 1564, 1574, 1501, 1519, 1372, 1468, 1523, 1554, 1468, 1506, 1498, 1515, 1484, 1386, 1499, 1480, 1426, 1411, 1470, 1300, 1214, 1357, 1363, 1507, 1222, 1522, 1314, 1144, 1260, 1379, 1277, 1375, 1150, 1388, 1385, 1539, 1430, 1391, 1248, 1150, 1107, 1327, 1152, 1358, 1392, 1356, 1286, 1296, 1356, 1495, 1345, 1206, 1406, 1414, 1363, 1391, 1319, 1330, 1327, 1186, 1350, 1263)
